{
  "timestamp": "2026-01-07T05:45:18.646829",
  "model_path": "/Users/noah-ing/Desktop/weather-oracle/models/best_model.pt",
  "test_samples": 34898,
  "model_metrics": {
    "temp_mae": 0.014958838932216167,
    "temp_rmse": 0.019577646628022194,
    "precip_accuracy": 0.9901343438974536,
    "wind_mae": 0.03217008709907532,
    "temp_mae_real": 1.2550465864129365,
    "temp_rmse_real": 1.6425645520910621,
    "wind_mae_real": 2.4352755934000014,
    "num_samples": 34898
  },
  "baseline_metrics": {
    "baseline_temp_mae": 0.04723946750164032,
    "baseline_temp_rmse": 0.06244347244501114,
    "baseline_precip_accuracy": 0.9823616921695608,
    "baseline_wind_mae": 0.06259363144636154,
    "baseline_temp_mae_real": 3.963391323387623,
    "baseline_temp_rmse_real": 5.239007338136435,
    "baseline_wind_mae_real": 4.738337900489569
  },
  "comparison": {
    "model_vs_baseline": {
      "temp_improvement_pct": 68.33402296142151,
      "precip_improvement_pct": 0.791220971852714,
      "wind_improvement_pct": 48.60485586837556
    },
    "model_vs_api_estimate": {
      "note": "Simulated comparison - actual API forecasts not stored for test period",
      "estimated_api_temp_mae": 2.378034794032574,
      "estimated_api_precip_accuracy": 0.85,
      "estimated_api_wind_mae": 3.0799196353182197,
      "model_temp_mae": 1.2550465864129365,
      "model_precip_accuracy": 0.9901343438974536,
      "model_wind_mae": 2.4352755934000014
    }
  }
}