{
  "timestamp": "2026-01-06T17:33:59.663060",
  "model_path": "/Users/noah-ing/Desktop/weather-oracle/models/best_model.pt",
  "test_samples": 34898,
  "model_metrics": {
    "temp_mae": 0.028661396354436874,
    "temp_rmse": 0.03841632232069969,
    "precip_accuracy": 0.9898764494622423,
    "wind_mae": 0.05281218886375427,
    "temp_mae_real": 2.4046911541372538,
    "temp_rmse_real": 3.2231294427067043,
    "wind_mae_real": 3.9978826969861987,
    "num_samples": 34898
  },
  "baseline_metrics": {
    "baseline_temp_mae": 0.04723946750164032,
    "baseline_temp_rmse": 0.06244347244501114,
    "baseline_precip_accuracy": 0.9823616921695608,
    "baseline_wind_mae": 0.06259363144636154,
    "baseline_temp_mae_real": 3.963391323387623,
    "baseline_temp_rmse_real": 5.239007338136435,
    "baseline_wind_mae_real": 4.738337900489569
  },
  "comparison": {
    "model_vs_baseline": {
      "temp_improvement_pct": 39.3274355739898,
      "precip_improvement_pct": 0.764968478777406,
      "wind_improvement_pct": 15.626897428038333
    },
    "model_vs_api_estimate": {
      "note": "Simulated comparison - actual API forecasts not stored for test period",
      "estimated_api_temp_mae": 2.378034794032574,
      "estimated_api_precip_accuracy": 0.85,
      "estimated_api_wind_mae": 3.0799196353182197,
      "model_temp_mae": 2.4046911541372538,
      "model_precip_accuracy": 0.9898764494622423,
      "model_wind_mae": 3.9978826969861987
    }
  }
}